<annotation>
	<folder>Greenhouse</folder>
	<filename>000051511_398600_4457360.jpg</filename>
	<path>C:\Users\adamcummings\Documents\LabelImg\OriginalV4\Greenhouse\000051511_398600_4457360.jpg</path>
	<source>
		<database>Unknown</database>
	</source>
	<size>
		<width>299</width>
		<height>299</height>
		<depth>3</depth>
	</size>
	<segmented>0</segmented>
	<object>
		<name>greenhouse</name>
		<pose>Unspecified</pose>
		<truncated>0</truncated>
		<difficult>0</difficult>
		<bndbox>
			<xmin>2</xmin>
			<ymin>127</ymin>
			<xmax>44</xmax>
			<ymax>161</ymax>
		</bndbox>
	</object>
	<object>
		<name>outdoor</name>
		<pose>Unspecified</pose>
		<truncated>0</truncated>
		<difficult>0</difficult>
		<bndbox>
			<xmin>32</xmin>
			<ymin>90</ymin>
			<xmax>102</xmax>
			<ymax>153</ymax>
		</bndbox>
	</object>
</annotation>
