<annotation>
	<folder>Greenhouse</folder>
	<filename>000052077_434060_4457180.jpg</filename>
	<path>C:\Users\adamcummings\Documents\LabelImg\OriginalV4\Greenhouse\000052077_434060_4457180.jpg</path>
	<source>
		<database>Unknown</database>
	</source>
	<size>
		<width>299</width>
		<height>299</height>
		<depth>3</depth>
	</size>
	<segmented>0</segmented>
	<object>
		<name>greenhouse</name>
		<pose>Unspecified</pose>
		<truncated>0</truncated>
		<difficult>0</difficult>
		<bndbox>
			<xmin>258</xmin>
			<ymin>61</ymin>
			<xmax>294</xmax>
			<ymax>103</ymax>
		</bndbox>
	</object>
</annotation>
