<annotation>
	<folder>Greenhouse</folder>
	<filename>000027586_439100_4568420.jpg</filename>
	<path>C:\Users\adamcummings\Documents\LabelImg\OriginalV4\Greenhouse\000027586_439100_4568420.jpg</path>
	<source>
		<database>Unknown</database>
	</source>
	<size>
		<width>299</width>
		<height>299</height>
		<depth>3</depth>
	</size>
	<segmented>0</segmented>
	<object>
		<name>outdoor</name>
		<pose>Unspecified</pose>
		<truncated>0</truncated>
		<difficult>0</difficult>
		<bndbox>
			<xmin>192</xmin>
			<ymin>186</ymin>
			<xmax>280</xmax>
			<ymax>241</ymax>
		</bndbox>
	</object>
</annotation>
