<annotation>
	<folder>Greenhouse</folder>
	<filename>000051710_434420_4457360.jpg</filename>
	<path>C:\Users\adamcummings\Documents\LabelImg\OriginalV4\Greenhouse\000051710_434420_4457360.jpg</path>
	<source>
		<database>Unknown</database>
	</source>
	<size>
		<width>299</width>
		<height>299</height>
		<depth>3</depth>
	</size>
	<segmented>0</segmented>
	<object>
		<name>greenhouse</name>
		<pose>Unspecified</pose>
		<truncated>0</truncated>
		<difficult>0</difficult>
		<bndbox>
			<xmin>152</xmin>
			<ymin>211</ymin>
			<xmax>216</xmax>
			<ymax>236</ymax>
		</bndbox>
	</object>
	<object>
		<name>greenhouse</name>
		<pose>Unspecified</pose>
		<truncated>0</truncated>
		<difficult>0</difficult>
		<bndbox>
			<xmin>155</xmin>
			<ymin>187</ymin>
			<xmax>214</xmax>
			<ymax>219</ymax>
		</bndbox>
	</object>
</annotation>
