<annotation>
	<folder>Greenhouse</folder>
	<filename>000038135_391580_4463840.jpg</filename>
	<path>C:\Users\adamcummings\Documents\LabelImg\OriginalV4\Greenhouse\000038135_391580_4463840.jpg</path>
	<source>
		<database>Unknown</database>
	</source>
	<size>
		<width>299</width>
		<height>299</height>
		<depth>3</depth>
	</size>
	<segmented>0</segmented>
	<object>
		<name>outdoor</name>
		<pose>Unspecified</pose>
		<truncated>0</truncated>
		<difficult>0</difficult>
		<bndbox>
			<xmin>157</xmin>
			<ymin>16</ymin>
			<xmax>215</xmax>
			<ymax>32</ymax>
		</bndbox>
	</object>
	<object>
		<name>outdoor</name>
		<pose>Unspecified</pose>
		<truncated>0</truncated>
		<difficult>0</difficult>
		<bndbox>
			<xmin>156</xmin>
			<ymin>25</ymin>
			<xmax>218</xmax>
			<ymax>41</ymax>
		</bndbox>
	</object>
	<object>
		<name>outdoor</name>
		<pose>Unspecified</pose>
		<truncated>0</truncated>
		<difficult>0</difficult>
		<bndbox>
			<xmin>150</xmin>
			<ymin>34</ymin>
			<xmax>220</xmax>
			<ymax>54</ymax>
		</bndbox>
	</object>
	<object>
		<name>outdoor</name>
		<pose>Unspecified</pose>
		<truncated>1</truncated>
		<difficult>0</difficult>
		<bndbox>
			<xmin>1</xmin>
			<ymin>132</ymin>
			<xmax>35</xmax>
			<ymax>160</ymax>
		</bndbox>
	</object>
	<object>
		<name>outdoor</name>
		<pose>Unspecified</pose>
		<truncated>1</truncated>
		<difficult>0</difficult>
		<bndbox>
			<xmin>1</xmin>
			<ymin>150</ymin>
			<xmax>37</xmax>
			<ymax>185</ymax>
		</bndbox>
	</object>
	<object>
		<name>outdoor</name>
		<pose>Unspecified</pose>
		<truncated>1</truncated>
		<difficult>0</difficult>
		<bndbox>
			<xmin>1</xmin>
			<ymin>163</ymin>
			<xmax>46</xmax>
			<ymax>196</ymax>
		</bndbox>
	</object>
	<object>
		<name>outdoor</name>
		<pose>Unspecified</pose>
		<truncated>0</truncated>
		<difficult>0</difficult>
		<bndbox>
			<xmin>11</xmin>
			<ymin>174</ymin>
			<xmax>54</xmax>
			<ymax>210</ymax>
		</bndbox>
	</object>
</annotation>
