<annotation>
	<folder>Greenhouse</folder>
	<filename>000049175_431720_4556180.jpg</filename>
	<path>C:\Users\adamcummings\Documents\LabelImg\OriginalV4\Greenhouse\000049175_431720_4556180.jpg</path>
	<source>
		<database>Unknown</database>
	</source>
	<size>
		<width>299</width>
		<height>299</height>
		<depth>3</depth>
	</size>
	<segmented>0</segmented>
	<object>
		<name>outdoor</name>
		<pose>Unspecified</pose>
		<truncated>0</truncated>
		<difficult>0</difficult>
		<bndbox>
			<xmin>145</xmin>
			<ymin>137</ymin>
			<xmax>216</xmax>
			<ymax>205</ymax>
		</bndbox>
	</object>
</annotation>
