<annotation>
	<folder>Greenhouse</folder>
	<filename>000067326_432440_4449260.jpg</filename>
	<path>C:\Users\adamcummings\Documents\LabelImg\OriginalV4\Greenhouse\000067326_432440_4449260.jpg</path>
	<source>
		<database>Unknown</database>
	</source>
	<size>
		<width>299</width>
		<height>299</height>
		<depth>3</depth>
	</size>
	<segmented>0</segmented>
	<object>
		<name>greenhouse</name>
		<pose>Unspecified</pose>
		<truncated>0</truncated>
		<difficult>0</difficult>
		<bndbox>
			<xmin>132</xmin>
			<ymin>56</ymin>
			<xmax>191</xmax>
			<ymax>92</ymax>
		</bndbox>
	</object>
	<object>
		<name>greenhouse</name>
		<pose>Unspecified</pose>
		<truncated>0</truncated>
		<difficult>0</difficult>
		<bndbox>
			<xmin>139</xmin>
			<ymin>74</ymin>
			<xmax>196</xmax>
			<ymax>109</ymax>
		</bndbox>
	</object>
	<object>
		<name>greenhouse</name>
		<pose>Unspecified</pose>
		<truncated>0</truncated>
		<difficult>0</difficult>
		<bndbox>
			<xmin>146</xmin>
			<ymin>96</ymin>
			<xmax>204</xmax>
			<ymax>129</ymax>
		</bndbox>
	</object>
	<object>
		<name>greenhouse</name>
		<pose>Unspecified</pose>
		<truncated>0</truncated>
		<difficult>0</difficult>
		<bndbox>
			<xmin>152</xmin>
			<ymin>115</ymin>
			<xmax>210</xmax>
			<ymax>148</ymax>
		</bndbox>
	</object>
	<object>
		<name>greenhouse</name>
		<pose>Unspecified</pose>
		<truncated>0</truncated>
		<difficult>0</difficult>
		<bndbox>
			<xmin>156</xmin>
			<ymin>131</ymin>
			<xmax>214</xmax>
			<ymax>168</ymax>
		</bndbox>
	</object>
</annotation>
