<annotation>
	<folder>Greenhouse</folder>
	<filename>000054145_410300_4456100.jpg</filename>
	<path>C:\Users\adamcummings\Documents\LabelImg\OriginalV4\Greenhouse\000054145_410300_4456100.jpg</path>
	<source>
		<database>Unknown</database>
	</source>
	<size>
		<width>299</width>
		<height>299</height>
		<depth>3</depth>
	</size>
	<segmented>0</segmented>
	<object>
		<name>greenhouse</name>
		<pose>Unspecified</pose>
		<truncated>0</truncated>
		<difficult>0</difficult>
		<bndbox>
			<xmin>9</xmin>
			<ymin>98</ymin>
			<xmax>42</xmax>
			<ymax>143</ymax>
		</bndbox>
	</object>
	<object>
		<name>greenhouse</name>
		<pose>Unspecified</pose>
		<truncated>1</truncated>
		<difficult>0</difficult>
		<bndbox>
			<xmin>1</xmin>
			<ymin>107</ymin>
			<xmax>32</xmax>
			<ymax>153</ymax>
		</bndbox>
	</object>
</annotation>
