<annotation>
	<folder>Greenhouse</folder>
	<filename>000058539_431900_4453940.jpg</filename>
	<path>C:\Users\adamcummings\Documents\LabelImg\OriginalV4\Greenhouse\000058539_431900_4453940.jpg</path>
	<source>
		<database>Unknown</database>
	</source>
	<size>
		<width>299</width>
		<height>299</height>
		<depth>3</depth>
	</size>
	<segmented>0</segmented>
	<object>
		<name>greenhouse</name>
		<pose>Unspecified</pose>
		<truncated>0</truncated>
		<difficult>0</difficult>
		<bndbox>
			<xmin>100</xmin>
			<ymin>49</ymin>
			<xmax>145</xmax>
			<ymax>82</ymax>
		</bndbox>
	</object>
</annotation>
