<annotation>
	<folder>Greenhouse</folder>
	<filename>000072777_407960_4446020.jpg</filename>
	<path>C:\Users\adamcummings\Documents\LabelImg\OriginalV4\Greenhouse\000072777_407960_4446020.jpg</path>
	<source>
		<database>Unknown</database>
	</source>
	<size>
		<width>299</width>
		<height>299</height>
		<depth>3</depth>
	</size>
	<segmented>0</segmented>
	<object>
		<name>greenhouse</name>
		<pose>Unspecified</pose>
		<truncated>0</truncated>
		<difficult>0</difficult>
		<bndbox>
			<xmin>195</xmin>
			<ymin>43</ymin>
			<xmax>286</xmax>
			<ymax>98</ymax>
		</bndbox>
	</object>
</annotation>
