<annotation>
	<folder>Greenhouse</folder>
	<filename>000012885_450620_4475720.jpg</filename>
	<path>C:\Users\adamcummings\Documents\LabelImg\OriginalV4\Greenhouse\000012885_450620_4475720.jpg</path>
	<source>
		<database>Unknown</database>
	</source>
	<size>
		<width>299</width>
		<height>299</height>
		<depth>3</depth>
	</size>
	<segmented>0</segmented>
	<object>
		<name>greenhouse</name>
		<pose>Unspecified</pose>
		<truncated>0</truncated>
		<difficult>0</difficult>
		<bndbox>
			<xmin>29</xmin>
			<ymin>198</ymin>
			<xmax>58</xmax>
			<ymax>249</ymax>
		</bndbox>
	</object>
	<object>
		<name>greenhouse</name>
		<pose>Unspecified</pose>
		<truncated>0</truncated>
		<difficult>0</difficult>
		<bndbox>
			<xmin>73</xmin>
			<ymin>235</ymin>
			<xmax>117</xmax>
			<ymax>285</ymax>
		</bndbox>
	</object>
	<object>
		<name>outdoor</name>
		<pose>Unspecified</pose>
		<truncated>0</truncated>
		<difficult>0</difficult>
		<bndbox>
			<xmin>68</xmin>
			<ymin>207</ymin>
			<xmax>95</xmax>
			<ymax>242</ymax>
		</bndbox>
	</object>
</annotation>
