<annotation>
	<folder>Greenhouse</folder>
	<filename>000022751_452060_4471220.jpg</filename>
	<path>C:\Users\adamcummings\Documents\LabelImg\OriginalV4\Greenhouse\000022751_452060_4471220.jpg</path>
	<source>
		<database>Unknown</database>
	</source>
	<size>
		<width>299</width>
		<height>299</height>
		<depth>3</depth>
	</size>
	<segmented>0</segmented>
	<object>
		<name>outdoor</name>
		<pose>Unspecified</pose>
		<truncated>0</truncated>
		<difficult>0</difficult>
		<bndbox>
			<xmin>108</xmin>
			<ymin>65</ymin>
			<xmax>181</xmax>
			<ymax>107</ymax>
		</bndbox>
	</object>
</annotation>
