<annotation>
	<folder>Greenhouse</folder>
	<filename>000012432_441620_4475900.jpg</filename>
	<path>C:\Users\adamcummings\Documents\LabelImg\OriginalV4\Greenhouse\000012432_441620_4475900.jpg</path>
	<source>
		<database>Unknown</database>
	</source>
	<size>
		<width>299</width>
		<height>299</height>
		<depth>3</depth>
	</size>
	<segmented>0</segmented>
	<object>
		<name>greenhouse</name>
		<pose>Unspecified</pose>
		<truncated>0</truncated>
		<difficult>0</difficult>
		<bndbox>
			<xmin>4</xmin>
			<ymin>213</ymin>
			<xmax>58</xmax>
			<ymax>246</ymax>
		</bndbox>
	</object>
</annotation>
