<annotation>
	<folder>Greenhouse</folder>
	<filename>000034367_395180_4465640.jpg</filename>
	<path>C:\Users\adamcummings\Documents\LabelImg\OriginalV4\Greenhouse\000034367_395180_4465640.jpg</path>
	<source>
		<database>Unknown</database>
	</source>
	<size>
		<width>299</width>
		<height>299</height>
		<depth>3</depth>
	</size>
	<segmented>0</segmented>
	<object>
		<name>greenhouse</name>
		<pose>Unspecified</pose>
		<truncated>0</truncated>
		<difficult>0</difficult>
		<bndbox>
			<xmin>170</xmin>
			<ymin>226</ymin>
			<xmax>213</xmax>
			<ymax>261</ymax>
		</bndbox>
	</object>
</annotation>
