<annotation>
	<folder>Greenhouse</folder>
	<filename>000042053_431000_4462040.jpg</filename>
	<path>C:\Users\adamcummings\Documents\LabelImg\OriginalV4\Greenhouse\000042053_431000_4462040.jpg</path>
	<source>
		<database>Unknown</database>
	</source>
	<size>
		<width>299</width>
		<height>299</height>
		<depth>3</depth>
	</size>
	<segmented>0</segmented>
	<object>
		<name>greenhouse</name>
		<pose>Unspecified</pose>
		<truncated>0</truncated>
		<difficult>0</difficult>
		<bndbox>
			<xmin>63</xmin>
			<ymin>4</ymin>
			<xmax>107</xmax>
			<ymax>53</ymax>
		</bndbox>
	</object>
</annotation>
