<annotation>
	<folder>Greenhouse</folder>
	<filename>000007987_443420_4477880.jpg</filename>
	<path>C:\Users\adamcummings\Documents\LabelImg\OriginalV4\Greenhouse\000007987_443420_4477880.jpg</path>
	<source>
		<database>Unknown</database>
	</source>
	<size>
		<width>299</width>
		<height>299</height>
		<depth>3</depth>
	</size>
	<segmented>0</segmented>
	<object>
		<name>greenhouse</name>
		<pose>Unspecified</pose>
		<truncated>0</truncated>
		<difficult>0</difficult>
		<bndbox>
			<xmin>59</xmin>
			<ymin>60</ymin>
			<xmax>109</xmax>
			<ymax>106</ymax>
		</bndbox>
	</object>
	<object>
		<name>greenhouse</name>
		<pose>Unspecified</pose>
		<truncated>0</truncated>
		<difficult>0</difficult>
		<bndbox>
			<xmin>79</xmin>
			<ymin>86</ymin>
			<xmax>122</xmax>
			<ymax>128</ymax>
		</bndbox>
	</object>
	<object>
		<name>greenhouse</name>
		<pose>Unspecified</pose>
		<truncated>0</truncated>
		<difficult>0</difficult>
		<bndbox>
			<xmin>92</xmin>
			<ymin>110</ymin>
			<xmax>135</xmax>
			<ymax>141</ymax>
		</bndbox>
	</object>
	<object>
		<name>greenhouse</name>
		<pose>Unspecified</pose>
		<truncated>0</truncated>
		<difficult>0</difficult>
		<bndbox>
			<xmin>102</xmin>
			<ymin>119</ymin>
			<xmax>143</xmax>
			<ymax>150</ymax>
		</bndbox>
	</object>
	<object>
		<name>greenhouse</name>
		<pose>Unspecified</pose>
		<truncated>0</truncated>
		<difficult>0</difficult>
		<bndbox>
			<xmin>114</xmin>
			<ymin>129</ymin>
			<xmax>153</xmax>
			<ymax>156</ymax>
		</bndbox>
	</object>
	<object>
		<name>greenhouse</name>
		<pose>Unspecified</pose>
		<truncated>0</truncated>
		<difficult>0</difficult>
		<bndbox>
			<xmin>21</xmin>
			<ymin>148</ymin>
			<xmax>63</xmax>
			<ymax>156</ymax>
		</bndbox>
	</object>
	<object>
		<name>greenhouse</name>
		<pose>Unspecified</pose>
		<truncated>0</truncated>
		<difficult>0</difficult>
		<bndbox>
			<xmin>23</xmin>
			<ymin>165</ymin>
			<xmax>69</xmax>
			<ymax>182</ymax>
		</bndbox>
	</object>
	<object>
		<name>greenhouse</name>
		<pose>Unspecified</pose>
		<truncated>0</truncated>
		<difficult>0</difficult>
		<bndbox>
			<xmin>9</xmin>
			<ymin>131</ymin>
			<xmax>58</xmax>
			<ymax>153</ymax>
		</bndbox>
	</object>
</annotation>
