<annotation>
	<folder>Greenhouse</folder>
	<filename>000008783_440180_4477520.jpg</filename>
	<path>C:\Users\adamcummings\Documents\LabelImg\OriginalV4\Greenhouse\000008783_440180_4477520.jpg</path>
	<source>
		<database>Unknown</database>
	</source>
	<size>
		<width>299</width>
		<height>299</height>
		<depth>3</depth>
	</size>
	<segmented>0</segmented>
	<object>
		<name>greenhouse</name>
		<pose>Unspecified</pose>
		<truncated>0</truncated>
		<difficult>0</difficult>
		<bndbox>
			<xmin>173</xmin>
			<ymin>202</ymin>
			<xmax>210</xmax>
			<ymax>244</ymax>
		</bndbox>
	</object>
	<object>
		<name>outdoor</name>
		<pose>Unspecified</pose>
		<truncated>0</truncated>
		<difficult>0</difficult>
		<bndbox>
			<xmin>217</xmin>
			<ymin>202</ymin>
			<xmax>257</xmax>
			<ymax>237</ymax>
		</bndbox>
	</object>
</annotation>
