<annotation>
	<folder>Greenhouse</folder>
	<filename>000035895_396440_4464920.jpg</filename>
	<path>C:\Users\adamcummings\Documents\LabelImg\OriginalV4\Greenhouse\000035895_396440_4464920.jpg</path>
	<source>
		<database>Unknown</database>
	</source>
	<size>
		<width>299</width>
		<height>299</height>
		<depth>3</depth>
	</size>
	<segmented>0</segmented>
	<object>
		<name>greenhouse</name>
		<pose>Unspecified</pose>
		<truncated>0</truncated>
		<difficult>0</difficult>
		<bndbox>
			<xmin>32</xmin>
			<ymin>237</ymin>
			<xmax>60</xmax>
			<ymax>291</ymax>
		</bndbox>
	</object>
</annotation>
