<annotation>
	<folder>Greenhouse</folder>
	<filename>000048520_431900_4556540.jpg</filename>
	<path>C:\Users\adamcummings\Documents\LabelImg\OriginalV4\Greenhouse\000048520_431900_4556540.jpg</path>
	<source>
		<database>Unknown</database>
	</source>
	<size>
		<width>299</width>
		<height>299</height>
		<depth>3</depth>
	</size>
	<segmented>0</segmented>
	<object>
		<name>greenhouse</name>
		<pose>Unspecified</pose>
		<truncated>0</truncated>
		<difficult>0</difficult>
		<bndbox>
			<xmin>105</xmin>
			<ymin>122</ymin>
			<xmax>146</xmax>
			<ymax>173</ymax>
		</bndbox>
	</object>
</annotation>
