<annotation>
	<folder>Greenhouse</folder>
	<filename>000001992_453320_4480580.jpg</filename>
	<path>C:\Users\adamcummings\Documents\LabelImg\OriginalV4\Greenhouse\000001992_453320_4480580.jpg</path>
	<source>
		<database>Unknown</database>
	</source>
	<size>
		<width>299</width>
		<height>299</height>
		<depth>3</depth>
	</size>
	<segmented>0</segmented>
	<object>
		<name>outdoor</name>
		<pose>Unspecified</pose>
		<truncated>0</truncated>
		<difficult>0</difficult>
		<bndbox>
			<xmin>171</xmin>
			<ymin>15</ymin>
			<xmax>254</xmax>
			<ymax>69</ymax>
		</bndbox>
	</object>
</annotation>
