<annotation>
	<folder>Greenhouse</folder>
	<filename>000047618_434240_4459340.jpg</filename>
	<path>C:\Users\adamcummings\Documents\LabelImg\OriginalV4\Greenhouse\000047618_434240_4459340.jpg</path>
	<source>
		<database>Unknown</database>
	</source>
	<size>
		<width>299</width>
		<height>299</height>
		<depth>3</depth>
	</size>
	<segmented>0</segmented>
	<object>
		<name>greenhouse</name>
		<pose>Unspecified</pose>
		<truncated>1</truncated>
		<difficult>0</difficult>
		<bndbox>
			<xmin>258</xmin>
			<ymin>215</ymin>
			<xmax>299</xmax>
			<ymax>244</ymax>
		</bndbox>
	</object>
</annotation>
