<annotation>
	<folder>Greenhouse</folder>
	<filename>000053362_400580_4456460.jpg</filename>
	<path>C:\Users\adamcummings\Documents\LabelImg\OriginalV4\Greenhouse\000053362_400580_4456460.jpg</path>
	<source>
		<database>Unknown</database>
	</source>
	<size>
		<width>299</width>
		<height>299</height>
		<depth>3</depth>
	</size>
	<segmented>0</segmented>
	<object>
		<name>greenhouse</name>
		<pose>Unspecified</pose>
		<truncated>1</truncated>
		<difficult>0</difficult>
		<bndbox>
			<xmin>129</xmin>
			<ymin>274</ymin>
			<xmax>175</xmax>
			<ymax>299</ymax>
		</bndbox>
	</object>
</annotation>
