<annotation>
	<folder>Greenhouse</folder>
	<filename>000045389_434060_4460420.jpg</filename>
	<path>C:\Users\adamcummings\Documents\LabelImg\OriginalV4\Greenhouse\000045389_434060_4460420.jpg</path>
	<source>
		<database>Unknown</database>
	</source>
	<size>
		<width>299</width>
		<height>299</height>
		<depth>3</depth>
	</size>
	<segmented>0</segmented>
	<object>
		<name>greenhouse</name>
		<pose>Unspecified</pose>
		<truncated>0</truncated>
		<difficult>0</difficult>
		<bndbox>
			<xmin>75</xmin>
			<ymin>250</ymin>
			<xmax>119</xmax>
			<ymax>287</ymax>
		</bndbox>
	</object>
	<object>
		<name>greenhouse</name>
		<pose>Unspecified</pose>
		<truncated>1</truncated>
		<difficult>0</difficult>
		<bndbox>
			<xmin>72</xmin>
			<ymin>265</ymin>
			<xmax>113</xmax>
			<ymax>299</ymax>
		</bndbox>
	</object>
</annotation>
