<annotation>
	<folder>Greenhouse</folder>
	<filename>000046924_443240_4459700.jpg</filename>
	<path>C:\Users\adamcummings\Documents\LabelImg\OriginalV4\Greenhouse\000046924_443240_4459700.jpg</path>
	<source>
		<database>Unknown</database>
	</source>
	<size>
		<width>299</width>
		<height>299</height>
		<depth>3</depth>
	</size>
	<segmented>0</segmented>
	<object>
		<name>greenhouse</name>
		<pose>Unspecified</pose>
		<truncated>1</truncated>
		<difficult>0</difficult>
		<bndbox>
			<xmin>266</xmin>
			<ymin>73</ymin>
			<xmax>299</xmax>
			<ymax>117</ymax>
		</bndbox>
	</object>
</annotation>
