<annotation>
	<folder>Greenhouse</folder>
	<filename>000027890_439100_4568240.jpg</filename>
	<path>C:\Users\adamcummings\Documents\LabelImg\OriginalV4\Greenhouse\000027890_439100_4568240.jpg</path>
	<source>
		<database>Unknown</database>
	</source>
	<size>
		<width>299</width>
		<height>299</height>
		<depth>3</depth>
	</size>
	<segmented>0</segmented>
	<object>
		<name>outdoor</name>
		<pose>Unspecified</pose>
		<truncated>0</truncated>
		<difficult>0</difficult>
		<bndbox>
			<xmin>106</xmin>
			<ymin>108</ymin>
			<xmax>204</xmax>
			<ymax>172</ymax>
		</bndbox>
	</object>
</annotation>
