<annotation>
	<folder>Greenhouse</folder>
	<filename>000013703_453140_4475360.jpg</filename>
	<path>C:\Users\adamcummings\Documents\LabelImg\OriginalV4\Greenhouse\000013703_453140_4475360.jpg</path>
	<source>
		<database>Unknown</database>
	</source>
	<size>
		<width>299</width>
		<height>299</height>
		<depth>3</depth>
	</size>
	<segmented>0</segmented>
	<object>
		<name>outdoor</name>
		<pose>Unspecified</pose>
		<truncated>0</truncated>
		<difficult>0</difficult>
		<bndbox>
			<xmin>23</xmin>
			<ymin>69</ymin>
			<xmax>100</xmax>
			<ymax>111</ymax>
		</bndbox>
	</object>
	<object>
		<name>outdoor</name>
		<pose>Unspecified</pose>
		<truncated>1</truncated>
		<difficult>0</difficult>
		<bndbox>
			<xmin>1</xmin>
			<ymin>86</ymin>
			<xmax>22</xmax>
			<ymax>121</ymax>
		</bndbox>
	</object>
</annotation>
