<annotation>
	<folder>Greenhouse</folder>
	<filename>000048034_442160_4459160.jpg</filename>
	<path>C:\Users\adamcummings\Documents\LabelImg\OriginalV4\Greenhouse\000048034_442160_4459160.jpg</path>
	<source>
		<database>Unknown</database>
	</source>
	<size>
		<width>299</width>
		<height>299</height>
		<depth>3</depth>
	</size>
	<segmented>0</segmented>
	<object>
		<name>greenhouse</name>
		<pose>Unspecified</pose>
		<truncated>0</truncated>
		<difficult>0</difficult>
		<bndbox>
			<xmin>34</xmin>
			<ymin>228</ymin>
			<xmax>86</xmax>
			<ymax>283</ymax>
		</bndbox>
	</object>
</annotation>
