<annotation>
	<folder>Greenhouse</folder>
	<filename>000051553_406160_4457360.jpg</filename>
	<path>C:\Users\adamcummings\Documents\LabelImg\OriginalV4\Greenhouse\000051553_406160_4457360.jpg</path>
	<source>
		<database>Unknown</database>
	</source>
	<size>
		<width>299</width>
		<height>299</height>
		<depth>3</depth>
	</size>
	<segmented>0</segmented>
	<object>
		<name>greenhouse</name>
		<pose>Unspecified</pose>
		<truncated>0</truncated>
		<difficult>0</difficult>
		<bndbox>
			<xmin>229</xmin>
			<ymin>57</ymin>
			<xmax>285</xmax>
			<ymax>89</ymax>
		</bndbox>
	</object>
</annotation>
