<annotation>
	<folder>Greenhouse</folder>
	<filename>000059920_428840_4453220.jpg</filename>
	<path>C:\Users\adamcummings\Documents\LabelImg\OriginalV4\Greenhouse\000059920_428840_4453220.jpg</path>
	<source>
		<database>Unknown</database>
	</source>
	<size>
		<width>299</width>
		<height>299</height>
		<depth>3</depth>
	</size>
	<segmented>0</segmented>
	<object>
		<name>greenhouse</name>
		<pose>Unspecified</pose>
		<truncated>0</truncated>
		<difficult>0</difficult>
		<bndbox>
			<xmin>60</xmin>
			<ymin>12</ymin>
			<xmax>88</xmax>
			<ymax>56</ymax>
		</bndbox>
	</object>
</annotation>
