<annotation>
	<folder>Greenhouse</folder>
	<filename>000020860_455840_4572560.jpg</filename>
	<path>C:\Users\adamcummings\Documents\LabelImg\OriginalV4\Greenhouse\000020860_455840_4572560.jpg</path>
	<source>
		<database>Unknown</database>
	</source>
	<size>
		<width>299</width>
		<height>299</height>
		<depth>3</depth>
	</size>
	<segmented>0</segmented>
	<object>
		<name>outdoor</name>
		<pose>Unspecified</pose>
		<truncated>0</truncated>
		<difficult>0</difficult>
		<bndbox>
			<xmin>208</xmin>
			<ymin>11</ymin>
			<xmax>282</xmax>
			<ymax>56</ymax>
		</bndbox>
	</object>
</annotation>
