<annotation>
	<folder>Greenhouse</folder>
	<filename>000051963_413540_4457180.jpg</filename>
	<path>C:\Users\adamcummings\Documents\LabelImg\OriginalV4\Greenhouse\000051963_413540_4457180.jpg</path>
	<source>
		<database>Unknown</database>
	</source>
	<size>
		<width>299</width>
		<height>299</height>
		<depth>3</depth>
	</size>
	<segmented>0</segmented>
	<object>
		<name>outdoor</name>
		<pose>Unspecified</pose>
		<truncated>1</truncated>
		<difficult>0</difficult>
		<bndbox>
			<xmin>25</xmin>
			<ymin>277</ymin>
			<xmax>95</xmax>
			<ymax>299</ymax>
		</bndbox>
	</object>
</annotation>
