<annotation>
	<folder>Greenhouse</folder>
	<filename>000038506_407780_4561940.jpg</filename>
	<path>C:\Users\adamcummings\Documents\LabelImg\OriginalV4\Greenhouse\000038506_407780_4561940.jpg</path>
	<source>
		<database>Unknown</database>
	</source>
	<size>
		<width>299</width>
		<height>299</height>
		<depth>3</depth>
	</size>
	<segmented>0</segmented>
	<object>
		<name>greenhouse</name>
		<pose>Unspecified</pose>
		<truncated>0</truncated>
		<difficult>0</difficult>
		<bndbox>
			<xmin>243</xmin>
			<ymin>189</ymin>
			<xmax>261</xmax>
			<ymax>217</ymax>
		</bndbox>
	</object>
</annotation>
