<annotation>
	<folder>Greenhouse</folder>
	<filename>000049505_431720_4556000.jpg</filename>
	<path>C:\Users\adamcummings\Documents\LabelImg\OriginalV4\Greenhouse\000049505_431720_4556000.jpg</path>
	<source>
		<database>Unknown</database>
	</source>
	<size>
		<width>299</width>
		<height>299</height>
		<depth>3</depth>
	</size>
	<segmented>0</segmented>
	<object>
		<name>outdoor</name>
		<pose>Unspecified</pose>
		<truncated>0</truncated>
		<difficult>0</difficult>
		<bndbox>
			<xmin>190</xmin>
			<ymin>86</ymin>
			<xmax>257</xmax>
			<ymax>142</ymax>
		</bndbox>
	</object>
</annotation>
