<annotation>
	<folder>Greenhouse</folder>
	<filename>000046548_442340_4459880.jpg</filename>
	<path>C:\Users\adamcummings\Documents\LabelImg\OriginalV4\Greenhouse\000046548_442340_4459880.jpg</path>
	<source>
		<database>Unknown</database>
	</source>
	<size>
		<width>299</width>
		<height>299</height>
		<depth>3</depth>
	</size>
	<segmented>0</segmented>
	<object>
		<name>greenhouse</name>
		<pose>Unspecified</pose>
		<truncated>0</truncated>
		<difficult>0</difficult>
		<bndbox>
			<xmin>5</xmin>
			<ymin>231</ymin>
			<xmax>40</xmax>
			<ymax>294</ymax>
		</bndbox>
	</object>
</annotation>
