<annotation>
	<folder>Greenhouse</folder>
	<filename>000032450_434960_4565540.jpg</filename>
	<path>C:\Users\adamcummings\Documents\LabelImg\OriginalV4\Greenhouse\000032450_434960_4565540.jpg</path>
	<source>
		<database>Unknown</database>
	</source>
	<size>
		<width>299</width>
		<height>299</height>
		<depth>3</depth>
	</size>
	<segmented>0</segmented>
	<object>
		<name>greenhouse</name>
		<pose>Unspecified</pose>
		<truncated>0</truncated>
		<difficult>0</difficult>
		<bndbox>
			<xmin>72</xmin>
			<ymin>246</ymin>
			<xmax>125</xmax>
			<ymax>276</ymax>
		</bndbox>
	</object>
</annotation>
